34532602x,b'Kornella_73884'
808938033923981313x,b'nedsatomic91'
1155512337379528705x,b'Lindy01938306'
1170451128875724800x,b's_soulwrite'
19456795x,b'Travelmath'
1164547116800389120x,b'Raamish12'
739887979393474561x,b'juanii1994'
756834459996057600x,b'NasirHu09929446'
3011834790x,b'spektrumglasses'
2950077659x,b'zygowke'
3255221214x,b'FinnellKirsten'
1165363078508306437x,b'SavageChiko'
1138547181596676096x,b'Grzegor89136813'
221271951x,b'bornwithacrown'
809551083617931265x,b'BabyK_TheAngel'
22113868x,b'Crazey69'
484012709x,b'LonnieWhite2'
3052066964x,b'csouvik130'
3139645402x,b'mucclassic'
1159635024611815430x,b'ArthurA30393099'
